<?xml version="1.0" encoding="UTF-8"?>
<!DOCTYPE mapper
    PUBLIC "-//mybatis.org//DTD Mapper 3.0//EN"
    "http://mybatis.org/dtd/mybatis-3-mapper.dtd">
<mapper namespace="org.scit.app.persistence.UserDAO">
	<select id="select" resultType="User">
		select * from user_tbl
	</select>

	<select id="selectOne" parameterType="string" resultType="User">
		select * from user_tbl
		where userid = #{userid}
	</select>
	
	<insert id="insert" parameterType="User">
	 	insert into user_tbl
	 		(userid, userpassword, username)
	 	values
	 		(#{userid}, #{userpassword}, #{username})
	</insert>
	
	<update id="update" parameterType="User">
		update user_tbl
		set userpassword = #{userpassword}
		where userid = #{userid}
	</update>
	
	<select id="login" parameterType="User" resultType="User">
		select * from user_tbl
		where userid = #{userid} and userpassword = #{userpassword}
	</select>
	
</mapper>   