<?xml version="1.0" encoding="UTF-8"?>
<beans xmlns="http://www.springframework.org/schema/beans"
	xmlns:xsi="http://www.w3.org/2001/XMLSchema-instance"
	xsi:schemaLocation="http://www.springframework.org/schema/beans http://www.springframework.org/schema/beans/spring-beans.xsd">
	
	<!-- Root Context: defines shared resources visible to all other web components -->
		
<bean id="googleConnectionFactory" class="org.springframework.social.google.connect.GoogleConnectionFactory">
	<constructor-arg value="505994836255-963vtom92j9314r6hufvjou5sa705ang.apps.googleusercontent.com" /><!-- 클라이언트 ID -->
	<constructor-arg value="W7cDH-7QWjUUi4i3wovnoUv8" /><!-- 클라이언트 보안 비밀 -->
</bean>
		
<bean id="googleOAuth2Parameters" class="org.springframework.social.oauth2.OAuth2Parameters">
	<property name="scope" value="https://www.googleapis.com/auth/plus.login"/>
	<property name="scope" value="https://www.googleapis.com/auth/plus.me"/>
	<property name="redirectUri" value="http://localhost:8888/app/googlelogin"/><!-- 여기에 승인된 리디렉션 URI주소와 동일하게 입력 -->
</bean>	
</beans>
