<?xml version="1.0" encoding="UTF-8"?>
<beans xmlns="http://www.springframework.org/schema/beans"
	xmlns:xsi="http://www.w3.org/2001/XMLSchema-instance"
	xsi:schemaLocation="http://www.springframework.org/schema/beans http://www.springframework.org/schema/beans/spring-beans.xsd">
	
	<!-- Root Context: defines shared resources visible to all other web components -->
<!-- 	<bean id="fList" class="org.scit.vo.FriendList">
		<property name="list">
			<list>
				<value>송중기</value>
				<value>강동원</value>
				<value>유아인</value>
				<value>김래원</value>
			</list>
		</property>
	</bean>	 -->
	
<!-- 	<bean id="fList1" class="org.scit.vo.FriendList">
		<property name="list1">
			<list>
				<bean class="org.scit.vo.Friend">
					<property name="name" value="송중기" />
					<property name="phone" value="010-223-5623" />
				</bean>
				<bean class="org.scit.vo.Friend">
					<property name="name" value="강동원" />
					<property name="phone" value="010-223-5623" />
				</bean>
				<bean class="org.scit.vo.Friend">
					<property name="name" value="유아인" />
					<property name="phone" value="010-223-5623" />
				</bean>
			</list>
		</property>
	</bean>
	
	
	
	<bean id="friendMap" class="org.scit.vo.FriendMap">
		<property name="map">
			<map>
				<entry key="송중기" value="111-1111" />
				<entry key="유아인" value="111-1111" />
				<entry key="강동원" value="111-1111" />
			</map>
		</property>
	</bean>
	
	<bean id="friendMap" class="org.scit.vo.FriendMap">
		<property name="map">
			<map>
				<entry key="one">
					<bean class="org.scit.vo.Friend">
						<property name="name" value="송중기" />
						<property name="phone" value="010-223-5623" />
					</bean>
				</entry>
				<entry key="two">
					<bean class="org.scit.vo.Friend">
						<property name="name" value="강동원" />
						<property name="phone" value="010-223-5623" />
					</bean>
				</entry>
				<entry key="three">
					<bean class="org.scit.vo.Friend">
						<property name="name" value="유아인" />
						<property name="phone" value="010-223-5623" />
					</bean>
				</entry>
			</map>
		</property>
	</bean> -->
	
	
	<!-- db.properties 읽어오기 -->
<!--  	<bean class="org.springframework.beans.factory.config.PropertyPlaceholderConfigurer">
		<property name="location">
			<value>classpath:db.properties</value>
		</property>
	</bean> -->
	
	<!-- db.properties의 설정 값을 읽어서 setting -->
	<bean id="dataSource" class="org.springframework.jdbc.datasource.DriverManagerDataSource">
		<property name="driverClassName" value="oracle.jdbc.driver.OracleDriver" />
		<property name="url" value="jdbc:oracle:thin:@localhost:1521:xe" />
		<property name="username" value="hr" />
		<property name="password" value="hr" />
	</bean>
	
	<!-- 트래잭션 관리를 위한 bean설정 -->
	<bean id="transactionManager" class="org.springframework.jdbc.datasource.DataSourceTransactionManager">
		<property name="dataSource" ref="dataSource" />
	</bean>
	
	<!-- sqlSessionTemplate -->
	<bean id="sqlSessionFactory" class="org.mybatis.spring.SqlSessionFactoryBean">
		<property name="dataSource" ref="dataSource" />
		<property name="configLocation" value="classpath:mybatis-config.xml" />
	</bean>
	
	<!-- sqlSession -->
	<bean id="sqlSession" class="org.mybatis.spring.SqlSessionTemplate">
		<constructor-arg index="0" name="sqlSessionFactory" ref="sqlSessionFactory" />
	</bean>	
	
</beans>