<?xml version="1.0" encoding="UTF-8"?>
<!DOCTYPE mapper
    PUBLIC "-//mybatis.org//DTD Mapper 3.0//EN"
    "http://mybatis.org/dtd/mybatis-3-mapper.dtd">
<mapper namespace="org.scit.app.persistence.UserDao">
	<select id="select" resultType="User">
		select * from JADO_USER
	</select>

	<select id="selectOne" parameterType="string" resultType="User">
		select * from JADO_USER where id = #{id}
	</select>
	
	<insert id="insert" parameterType="User">
	 	insert into JADO_USER
	 		(userNum,id, password, name)
	 	values
	 		('U'||to_char(lpad(seq_user.nextval, 9, '0')),#{id}, #{password}, #{name})
	</insert>
	
	<update id="update" parameterType="User">
		update JADO_USER
		set password = #{password}
		where id = #{id}
	</update>
	
	<select id="login" parameterType="User" resultType="User">
		select * from JADO_USER
		where id = #{id} and password = #{password}
	</select>
	
</mapper>   